/accountants-email-list /accountants-database 301
/accounting-clerk-email-list /accounting-clerk-database 301
/acute-care-nurse-practitioners-email-list /acute-care-nurse-practitioners-database 301
/ada-email-list /ada-database 301
/advertising-agencies-email-list /advertising-agencies-database 301
/advertising-professional-email-list /advertising-professional-database 301
/agricultural-equipment-dealer-email-list /agricultural-equipment-dealer-database 301
/agriculture-industry-email-list /agriculture-industry-database 301
/airlines-industry-email-list /airlines-industry-database 301
/ambulatory-care-nurses-email-list /ambulatory-care-nurses-database 301
/ambulatory-surgery-centers-email-list /ambulatory-surgery-centers-database 301
/anesthesiologist-email-list /anesthesiologist-database 301
/animation-industry-email-list /animation-industry-database 301
/apparel-and-fashion-industry-email-list /apparel-and-fashion-industry-database 301
/appliance-repair-technician-email-list /appliance-repair-technician-database 301
/architect-email-list /architect-database 301
/architectural-industry-email-list /architectural-industry-database 301
/architecture-and-planning-industry-email-list /architecture-and-planning-industry-database 301
/art-director-email-list /art-director-database 301
/arts-and-crafts-industry-email-list /arts-and-crafts-industry-database 301
/athletic-director-email-list /athletic-director-database 301
/audiologist-email-list /audiologist-database 301
/auditors-email-list /auditors-database 301
/australia-email-list /australia-database 301
/auto-dealer-email-list /auto-dealer-database 301
/automotive-email-list /automotive-database 301
/automotive-mechanic-email-list /automotive-mechanic-database 301
/aviation-and-aerospace-email-list /aviation-and-aerospace-database 301
/aviation-and-aerospace-industry-email-list /aviation-and-aerospace-industry-database 301
/aviation-industry-email-list /aviation-industry-database 301
/bamboo-hr-email-list /bamboo-hr-database 301
/bank-email-list /bank-database 301
/banking-email-list /banking-database 301
/bankruptcy-lawyers-email-list /bankruptcy-lawyers-database 301
/barber-email-list /barber-database 301
/beauty-industry-email-list /beauty-industry-database 301
/biotechnology-email-list /biotechnology-database 301
/biotechnology-industry-email-list /biotechnology-industry-database 301
/blood-bank-centers-email-list /blood-bank-centers-database 301
/brand-manager-email-list /brand-manager-database 301
/broadcast-media-industry-email-list /broadcast-media-industry-database 301
/building-materials-industry-email-list /building-materials-industry-database 301
/business-owner-email-list /business-owner-database 301
/business-supplies-and-equipment-industry-email-list /business-supplies-and-equipment-industry-database 301
/call-center-industry-email-list /call-center-industry-database 301
/canada-email-list /canada-database 301
/capital-markets-industry-email-list /capital-markets-industry-database 301
/cardiologist-email-list /cardiologist-database 301
/cardiovascular-technologist-email-list /cardiovascular-technologist-database 301
/carpet-installer-email-list /carpet-installer-database 301
/sales-email-list /sales-database 301
/accountants-email-list /accountants-database 301
/accounting-clerk-email-list /accounting-clerk-database 301
/acute-care-nurse-practitioners-email-list /acute-care-nurse-practitioners-database 301
/ada-email-list /ada-database 301
/advertising-agencies-email-list /advertising-agencies-database 301
/advertising-professional-email-list /advertising-professional-database 301
/agricultural-equipment-dealer-email-list /agricultural-equipment-dealer-database 301
/agriculture-industry-email-list /agriculture-industry-database 301
/airlines-industry-email-list /airlines-industry-database 301
/ambulatory-care-nurses-email-list /ambulatory-care-nurses-database 301
/ambulatory-surgery-centers-email-list /ambulatory-surgery-centers-database 301
/anesthesiologist-email-list /anesthesiologist-database 301
/animation-industry-email-list /animation-industry-database 301
/apparel-and-fashion-industry-email-list /apparel-and-fashion-industry-database 301
/appliance-repair-technician-email-list /appliance-repair-technician-database 301
/architect-email-list /architect-database 301
/architectural-industry-email-list /architectural-industry-database 301
/architecture-and-planning-industry-email-list /architecture-and-planning-industry-database 301
/art-director-email-list /art-director-database 301
/arts-and-crafts-industry-email-list /arts-and-crafts-industry-database 301
/athletic-director-email-list /athletic-director-database 301
/audiologist-email-list /audiologist-database 301
/auditors-email-list /auditors-database 301
/australia-email-list /australia-database 301
/auto-dealer-email-list /auto-dealer-database 301
/automotive-email-list /automotive-database 301
/automotive-mechanic-email-list /automotive-mechanic-database 301
/aviation-and-aerospace-email-list /aviation-and-aerospace-database 301
/aviation-and-aerospace-industry-email-list /aviation-and-aerospace-industry-database 301
/aviation-industry-email-list /aviation-industry-database 301
/bamboo-hr-email-list /bamboo-hr-database 301
/bank-email-list /bank-database 301
/banking-email-list /banking-database 301
/bankruptcy-lawyers-email-list /bankruptcy-lawyers-database 301
/barber-email-list /barber-database 301
/beauty-industry-email-list /beauty-industry-database 301
/biotechnology-email-list /biotechnology-database 301
/biotechnology-industry-email-list /biotechnology-industry-database 301
/blood-bank-centers-email-list /blood-bank-centers-database 301
/brand-manager-email-list /brand-manager-database 301
/broadcast-media-industry-email-list /broadcast-media-industry-database 301
/building-materials-industry-email-list /building-materials-industry-database 301
/business-owner-email-list /business-owner-database 301
/business-supplies-and-equipment-industry-email-list /business-supplies-and-equipment-industry-database 301
/call-center-industry-email-list /call-center-industry-database 301
/canada-email-list /canada-database 301
/capital-markets-industry-email-list /capital-markets-industry-database 301
/cardiologist-email-list /cardiologist-database 301
/cardiovascular-technologist-email-list /cardiovascular-technologist-database 301
/carpet-installer-email-list /carpet-installer-database 301
/caterer-email-list /caterer-database 301
/cdo-email-list /cdo-database 301
/ceo-email-list /ceo-database 301
/certified-registered-nurse-anaesthetist-email-list /certified-registered-nurse-anaesthetist-database 301
/cfo-email-list /cfo-database 301
/chemicals-industry-email-list /chemicals-industry-database 301
/chief-data-officer-email-list /chief-data-officer-database 301
/chief-information-security-officer-email-list /chief-information-security-officer-database 301
/chief-medical-officer-email-list /chief-medical-officer-database 301
/chief-revenue-officers-email-list /chief-revenue-officers-database 301
/chief-sales-officer-email-list /chief-sales-officer-database 301
/chiropractor-email-list /chiropractor-database 301
/chro-email-list /chro-database 301
/church-email-list /church-database 301
/churches-email-list /churches-database 301
/cio-email-list /cio-database 301
/city-council-email-list /city-council-database 301
/civic-and-social-organization-industry-email-list /civic-and-social-organization-industry-database 301
/civil-engineering-industry-email-list /civil-engineering-industry-database 301
/cleaning-service-email-list /cleaning-service-database 301
/clinics-email-list /clinics-database 301
/cmo-email-list /cmo-database 301
/cno-email-list /cno-database 301
/community-organizer-email-list /community-organizer-database 301
/computer-and-network-security-industry-email-list /computer-and-network-security-industry-database 301
/computer-networking-industry-email-list /computer-networking-industry-database 301
/computer-software-industry-email-list /computer-software-industry-database 301
/construction-companies-email-list /construction-companies-database 301
/construction-email-list /construction-database 301
/construction-industry-email-list /construction-industry-database 301
/consumer-electronics-industry-email-list /consumer-electronics-industry-database 301
/consumer-goods-industry-email-list /consumer-goods-industry-database 301
/consumer-services-industry-email-list /consumer-services-industry-database 301
/content-creator-email-list /content-creator-database 301
/contractor-email-list /contractor-database 301
/contractors-email-list /contractors-database 301
/convenience-store-owner-email-list /convenience-store-owner-database 301
/coo-email-list /coo-database 301
/copywriter-email-list /copywriter-database 301
/cosmetic-surgeons-email-list /cosmetic-surgeons-database 301
/cosmetologist-email-list /cosmetologist-database 301
/cosmetologists-email-list /cosmetologists-database 301
/county-official-email-list /county-official-database 301
/courier-service-email-list /courier-service-database 301
/cpa-email-list /cpa-database 301
/criminal-lawyers-email-list /criminal-lawyers-database 301
/crop-farmer-email-list /crop-farmer-database 301
/cso-email-list /cso-database 301
/cto-email-list /cto-database 301
/cxo-email-list /cxo-database 301
/dairy-farmer-email-list /dairy-farmer-database 301
/de/cardiologist-email-list /de/cardiologist-database 301
/de/churches-email-list /de/churches-database 301
/de/courier-service-email-list /de/courier-service-database 301
/de/dentist-email-list /de/dentist-database 301
/de/ent-specialists-email-list /de/ent-specialists-database 301
/de/mental-health-professionals-email-list /de/mental-health-professionals-database 301
/de/personal-trainer-email-list /de/personal-trainer-database 301
/de/physician-email-list /de/physician-database 301
/de/tennis-instructor-email-list /de/tennis-instructor-database 301
/de/warehouse-manager-email-list /de/warehouse-manager-database 301
/defense-and-space-industry-email-list /defense-and-space-industry-database 301
/define-informational-email-list /define-informational-database 301
/delivery-service-email-list /delivery-service-database 301
/dental-equipment-manufacturers-email-list /dental-equipment-manufacturers-database 301
/dental-hygenist-email-list /dental-hygenist-database 301
/dentist-email-list /dentist-database 301
/denturists-email-list /denturists-database 301
/dermatologist-email-list /dermatologist-database 301
/design-industry-email-list /design-industry-database 301
/dry-cleaner-email-list /dry-cleaner-database 301
/education-industry-email-list /education-industry-database 301
/electrical-and-electronic-manufacturing-industry-email-list /electrical-and-electronic-manufacturing-industry-database 301
/electrician-email-list /electrician-database 301
/email-list-of-engineers /email-list-of-engineers 301
/email-list-of-interior-designers /email-list-of-interior-designers 301
/email-list-of-small-business-owners /email-list-of-small-business-owners 301
/email-list /email-list 301
/emt-email-list /emt-database 301
/endocrinologist-email-list /endocrinologist-database 301
/endodontists-email-list /endodontists-database 301
/engineer-email-list /engineer-database 301
/engineering-email-list /engineering-database 301
/ent-specialist-email-list /ent-specialist-database 301
/ent-specialists-email-list /ent-specialists-database 301
/environmental-consultant-email-list /environmental-consultant-database 301
/environmental-engineer-email-list /environmental-engineer-database 301
/environmental-services-industry-email-list /environmental-services-industry-database 301
/epidemiologist-email-list /epidemiologist-database 301
/es/dentist-email-list /es/dentist-database 301
/es/hr-directors-email-list /es/hr-directors-database 301
/es/human-resources-email-list /es/human-resources-database 301
/es/interior-designer-email-list /es/interior-designer-database 301
/es/physician-email-list /es/physician-database 301
/es/psychiatrist-email-list /es/psychiatrist-database 301
/es/tennis-instructor-email-list /es/tennis-instructor-database 301
/es/therapist-email-list /es/therapist-database 301
/es/warehousing-industry-email-list /es/warehousing-industry-database 301
/esthetician-email-list /esthetician-database 301
/event-organizers-email-list /event-organizers-database 301
/event-planner-email-list /event-planner-database 301
/events-services-industry-email-list /events-services-industry-database 301
/executive-assistants-email-list /executive-assistants-database 301
/facilities-and-services-industry-email-list /facilities-and-services-industry-database 301
/facility-management-email-list /facility-management-database 301
/facility-managers-email-list /facility-managers-database 301
/family-medicine-specialist-email-list /family-medicine-specialist-database 301
/family-nurse-practitioners-email-list /family-nurse-practitioners-database 301
/family-practitioners-directors-email-list /family-practitioners-directors-database 301
/family-therapist-email-list /family-therapist-database 301
/farmer-email-list /farmer-database 301
/film-producer-email-list /film-producer-database 301
/finance-industry-email-list /finance-industry-database 301
/financial-clerk-email-list /financial-clerk-database 301
/firefighter-email-list /firefighter-database 301
/fitness-instructor-email-list /fitness-instructor-database 301
/flooring-installer-email-list /flooring-installer-database 301
/food-and-beverage-industry-email-list /food-and-beverage-industry-database 301
/food-beverage-email-list /food-beverage-database 301
/food-processing-company-email-list /food-processing-company-database 301
/food-truck-owner-email-list /food-truck-owner-database 301
/fr/apparel-and-fashion-industry-email-list /fr/apparel-and-fashion-industry-database 301
/fr/dentist-email-list /fr/dentist-database 301
/fr/ent-specialists-email-list /fr/ent-specialists-database 301
/fr/mental-health-professionals-email-list /fr/mental-health-professionals-database 301
/fr/physician-email-list /fr/physician-database 301
/fr/psychologist-email-list /fr/psychologist-database 301
/fr/swimming-instructor-email-list /fr/swimming-instructor-database 301
/france-email-list /france-database 301
/freight-broker-email-list /freight-broker-database 301
/funeral-director-email-list /funeral-director-database 301
/funeral-home-email-list /funeral-home-database 301
/furniture-industry-email-list /furniture-industry-database 301
/gas-station-owner-email-list /gas-station-owner-database 301
/gastroenterologist-email-list /gastroenterologist-database 301
/general-practitioner-email-list /general-practitioner-database 301
/general-practitioners-email-list /general-practitioners-database 301
/general-surgery-email-list /general-surgery-database 301
/geriatrician-email-list /geriatrician-database 301
/germany-business-email-list /germany-business-database 301
/gift-shop-email-list /gift-shop-database 301
/golf-course-email-list /golf-course-database 301
/golf-pro-email-list /golf-pro-database 301
/government-administration-industry-email-list /government-administration-industry-database 301
/government-employee-email-list /government-employee-database 301
/graphic-designer-email-list /graphic-designer-database 301
/grocery-store-manager-email-list /grocery-store-manager-database 301
/gym-owner-email-list /gym-owner-database 301
/gynecologist-email-list /gynecologist-database 301
/hair-stylist-email-list /hair-stylist-database 301
/health-wellness-and-fitness-industry-email-list /health-wellness-and-fitness-industry-database 301
/healthcare-email-list /healthcare-database 301
/healthcare-executives-email-list /healthcare-executives-database 301
/healthcare-industry-email-list /healthcare-industry-database 301
/hematologist-email-list /hematologist-database 301
/high-net-worth-email-list /high-net-worth-database 301
/high-net-worth-individuals-email-list /high-net-worth-individuals-database 301
/hipaa-compliance-managers-email-list /hipaa-compliance-managers-database 301
/hospital-ceo-email-list /hospital-ceo-database 301
/hospital-cfo-email-list /hospital-cfo-database 301
/hospital-cio-email-list /hospital-cio-database 301
/hospital-decision-makers-email-list /hospital-decision-makers-database 301
/hospital-email-list /hospital-database 301
/hospital-procurement-email-list /hospital-procurement-database 301
/hospitality-industry-email-list /hospitality-industry-database 301
/hospitals-email-list /hospitals-database 301
/hotel-email-list /hotel-database 301
/hr-directors-email-list /hr-directors-database 301
/hr-email-list /hr-database 301
/hr-executives-email-list /hr-executives-database 301
/human-resources-email-list /human-resources-database 301
/hvac-technician-email-list /hvac-technician-database 301
/immunologist-email-list /immunologist-database 301
/india-email-list /india-database 301
/industry-email-list /industry-database 301
/insurance-agent-email-list /insurance-agent-database 301
/insurance-agents-email-list /insurance-agents-database 301
/insurance-industry-email-list /insurance-industry-database 301
/interior-designer-email-list /interior-designer-database 301
/international-email-list /international-database 301
/internet-industry-email-list /internet-industry-database 301
/interventional-cardiologists-email-list /interventional-cardiologists-database 301
/investors-email-list /investors-database 301
/it-decision-makers-email-list /it-decision-makers-database 301
/it/cfo-email-list /it/cfo-database 301
/italy-email-list /italy-database 301
/janitorial-service-email-list /janitorial-service-database 301
/jewelry-store-email-list /jewelry-store-database 301
/landscaper-email-list /landscaper-database 301
/laundromat-owner-email-list /laundromat-owner-database 301
/law-firms-email-list /law-firms-database 301
/leisure-industry-email-list /leisure-industry-database 301
/librarian-email-list /librarian-database 301
/licensed-practical-nurse-email-list /licensed-practical-nurse-database 301
/livestock-farmer-email-list /livestock-farmer-database 301
/loan-officer-email-list /loan-officer-database 301
/locksmith-email-list /locksmith-database 301
/logistics-and-supply-chain-industry-email-list /logistics-and-supply-chain-industry-database 301
/logistics-coordinator-email-list /logistics-coordinator-database 301
/luxury-goods-and-jewelry-industry-email-list /luxury-goods-and-jewelry-industry-database 301
/machinery-industry-email-list /machinery-industry-database 301
/management-consulting-industry-email-list /management-consulting-industry-database 301
/manufacturing-email-list /manufacturing-database 301
/manufacturing-manager-email-list /manufacturing-manager-database 301
/maritime-industry-email-list /maritime-industry-database 301
/marketing-agency-email-list /marketing-agency-database 301
/marketing-and-advertising-industry-email-list /marketing-and-advertising-industry-database 301
/marketing-directors-email-list /marketing-directors-database 301
/massage-therapist-email-list /massage-therapist-database 301
/mayor-email-list /mayor-database 301
/med-spa-email-list /med-spa-database 301
/media-production-industry-email-list /media-production-industry-database 301
/medical-device-industry-email-list /medical-device-industry-database 301
/medical-device-manufacturers-email-list /medical-device-manufacturers-database 301
/medical-director-email-list /medical-director-database 301
/medical-email-list /medical-database 301
/mental-health-counselor-email-list /mental-health-counselor-database 301
/middle-east-email-list /middle-east-database 301
/midwife-nurses-email-list /midwife-nurses-database 301
/mining-industry-email-list /mining-industry-database 301
/mortgage-broker-email-list /mortgage-broker-database 301
/mortgage-brokers-email-list /mortgage-brokers-database 301
/moving-company-email-list /moving-company-database 301
/msp-email-list /msp-database 301
/municipal-worker-email-list /municipal-worker-database 301
/nail-technician-email-list /nail-technician-database 301
/neonatologist-email-list /neonatologist-database 301
/nephrologist-email-list /nephrologist-database 301
/neurosurgeons-email-list /neurosurgeons-database 301
/new-york-business-email-list /new-york-business-database 301
/non-profit-organization-email-list /non-profit-organization-database 301
/nurse-practitioner-email-list /nurse-practitioner-database 301
/nurse-practitioners-email-list /nurse-practitioners-database 301
/nurses-email-list /nurses-database 301
/nursing-homes-email-list /nursing-homes-database 301
/nutritionist-email-list /nutritionist-database 301
/occupational-health-nurses-email-list /occupational-health-nurses-database 301
/occupational-therapist-email-list /occupational-therapist-database 301
/oil-and-gas-email-list /oil-and-gas-database 301
/oil-and-gas-industry-email-list /oil-and-gas-industry-database 301
/oncologist-email-list /oncologist-database 301
/ophthalmologist-email-list /ophthalmologist-database 301
/oral-pathologists-email-list /oral-pathologists-database 301
/oral-surgeons-email-list /oral-surgeons-database 301
/organic-food-producer-email-list /organic-food-producer-database 301
/orthodontist-email-list /orthodontist-database 301
/orthopedic-nurses-email-list /orthopedic-nurses-database 301
/otolaryngologist-email-list /otolaryngologist-database 301
/packaging-industry-email-list /packaging-industry-database 301
/painter-email-list /painter-database 301
/paper-and-forest-products-industry-email-list /paper-and-forest-products-industry-database 301
/paramedic-email-list /paramedic-database 301
/pastor-email-list /pastor-database 301
/pathologist-email-list /pathologist-database 301
/pediatric-dentists-email-list /pediatric-dentists-database 301
/pediatrician-email-list /pediatrician-database 301
/periodontist-email-list /periodontist-database 301
/personal-injury-lawyers-email-list /personal-injury-lawyers-database 301
/personal-trainer-email-list /personal-trainer-database 301
/pest-control-company-email-list /pest-control-company-database 301
/pest-control-email-list /pest-control-database 301
/pet-store-owner-email-list /pet-store-owner-database 301
/pharmaceutical-email-list /pharmaceutical-database 301
/pharmacist-email-list /pharmacist-database 301
/pharmacy-email-list /pharmacy-database 301
/photographer-email-list /photographer-database 301
/physical-therapist-email-list /physical-therapist-database 301
/physical-therapy-email-list /physical-therapy-database 301
/physician-recruiters-email-list /physician-recruiters-database 301
/pilates-instructor-email-list /pilates-instructor-database 301
/plastic-surgeons-email-list /plastic-surgeons-database 301
/plumbers-email-list /plumbers-database 301
/police-department-email-list /police-department-database 301
/political-organization-industry-email-list /political-organization-industry-database 301
/principal-email-list /principal-database 301
/printing-and-publishing-email-list /printing-and-publishing-database 301
/private-security-guard-email-list /private-security-guard-database 301
/professionals-email-list /professionals-database 301
/property-management-companies-email-list /property-management-companies-database 301
/property-manager-email-list /property-manager-database 301
/prosthodontists-email-list /prosthodontists-database 301
/psychologist-email-list /psychologist-database 301
/pt/consumer-electronics-industry-email-list /pt/consumer-electronics-industry-database 301
/public-safety-industry-email-list /public-safety-industry-database 301
/pulmonologist-email-list /pulmonologist-database 301
/radiologist-email-list /radiologist-database 301
/railroad-transportation-email-list /railroad-transportation-database 301
/real-estate-agent-email-list /real-estate-agent-database 301
/real-estate-brokers-email-list /real-estate-brokers-database 301
/recreation-center-email-list /recreation-center-database 301
/recruiters-email-list /recruiters-database 301
/recycling-company-email-list /recycling-company-database 301
/renewable-energy-company-email-list /renewable-energy-company-database 301
/restaurant-email-list /restaurant-database 301
/restaurant-industry-email-list /restaurant-industry-database 301
/retail-email-list /retail-database 301
/retail-store-email-list /retail-store-database 301
/retail-store-manager-email-list /retail-store-manager-database 301
/rheumatologist-email-list /rheumatologist-database 301
/rhinologists-email-list /rhinologists-database 301
/roofer-email-list /roofer-database 301
/sales-director-email-list /sales-director-database 301
/security-company-email-list /security-company-database 301
/shipping-company-email-list /shipping-company-database 301
/singapore-business-email-list /singapore-business-database 301
/small-business-owners-email-list /small-business-owners-database 301
/social-media-manager-email-list /social-media-manager-database 301
/social-worker-email-list /social-worker-database 301
/software-engineers-email-list /software-engineers-database 301
/solar-energy-company-email-list /solar-energy-company-database 301
/solar-panel-installer-email-list /solar-panel-installer-database 301
/spa-owner-email-list /spa-owner-database 301
/spain-email-list /spain-database 301
/sporting-goods-industry-email-list /sporting-goods-industry-database 301
/sports-coach-email-list /sports-coach-database 301
/sports-equipment-dealer-email-list /sports-equipment-dealer-database 301
/staffing-and-recruiting-industry-email-list /staffing-and-recruiting-industry-database 301
/state-employee-email-list /state-employee-database 301
/superintendent-email-list /superintendent-database 301
/supply-chain-email-list /supply-chain-database 301
/surgeon-email-list /surgeon-database 301
/swimming-instructor-email-list /swimming-instructor-database 301
/teacher-email-list /teacher-database 301
/technology-industry-email-list /technology-industry-database 301
/telecom-industry-email-list /telecom-industry-database 301
/tennis-instructor-email-list /tennis-instructor-database 301
/therapist-email-list /therapist-database 301
/transportation-industry-email-list /transportation-industry-database 301
/travel-agency-email-list /travel-agency-database 301
/travel-agent-email-list /travel-agent-database 301
/travel-and-tourism-email-list /travel-and-tourism-database 301
/travel-industry-email-list /travel-industry-database 301
/tree-service-email-list /tree-service-database 301
/trucking-company-email-list /trucking-company-database 301
/uae-email-list /uae-database 301
/uk-email-list /uk-database 301
/united-states-email-list /united-states-database 301
/urologist-email-list /urologist-database 301
/utilities-industry-email-list /utilities-industry-database 301
/venture-capital-and-private-equity-industry-email-list /venture-capital-and-private-equity-industry-database 301
/veterinarian-email-list /veterinarian-database 301
/video-producer-email-list /video-producer-database 301
/vp-email-list /vp-database 301
/vp-of-business-development-email-list /vp-of-business-development-database 301
/vp-of-sales-email-list /vp-of-sales-database 301
/warehouse-manager-email-list /warehouse-manager-database 301
/warehousing-industry-email-list /warehousing-industry-database 301
/waste-management-company-email-list /waste-management-company-database 301
/web-designer-email-list /web-designer-database 301
/wedding-planner-email-list /wedding-planner-database 301
/welder-email-list /welder-database 301
/wholesale-industry-email-list /wholesale-industry-database 301
/wind-energy-company-email-list /wind-energy-company-database 301
/window-installer-email-list /window-installer-database 301
/wine-and-spirits-industry-email-list /wine-and-spirits-industry-database 301
/writing-and-editing-industry-email-list /writing-and-editing-industry-database 301
/yoga-instructor-email-list /yoga-instructor-database 301
